Metric,Value
Best CV MAE,0.4662292041002418
Test MAE,0.4453983167971831
Test RMSE,0.5616626329812505
Test R2,0.36910810507519154
Runtime Seconds,3.9763786792755127
