{
    "mae": 0.41935601998260413,
    "rmse": 0.5351796572669277,
    "r2": 0.4271999078424884
}