{
    "model": "RandomForestRegressor",
    "mae": 0.45004246575342716,
    "rmse": 0.5801984182334103,
    "r2": 0.32678006753355715
}